Telephely,Leltárhely megn.,Anyagnem,HETK kód,Eszköz,Megnevezés,Mennyiség,Bázis menny.egység,Eszközosztály,Gyártási szám
AHA7700524,Minősített rendszerek,31,403051014000,130000030124,AT8516 TEMPEST SWITCH LEV-A,1,DB,13111000,.01032
AHA7700524,Minősített rendszerek,31,401205117200,130000032246,SZERVER,1,DB,13112200,93112501
AHA7700524,Minősített rendszerek,31,401108060008,130000116721,Szamitogep konfiguracio,1,DB,13111000,D9502117
AHA7700524,Minősített rendszerek,31,401108060008,130000116783,Szamitogep konfiguracio,1,DB,13111000,MH54/028
AHA7700524,Minősített rendszerek,31,401108061600,130000161226,"Pentium IV 2,8GHz számítógép",1,DB,13111000,CZC4400CBM
AHA7700524,Minősített rendszerek,31,403059155206,130000168801,Cisco CC-WS-C2950 12 Port switch,1,DB,13111000,FHK0717Y02S
AHA7700524,Minősített rendszerek,31,401174002407,130000176134,Tempest AMSG720B tápszűrő,1,DB,13111000,261191
AHA7700524,Minősített rendszerek,31,401174002407,130000176135,Tempest AMSG720B tápszűrő,1,DB,13111000,261192
AHA7700524,Minősített rendszerek,31,401174002407,130000176136,Tempest AMSG720B tápszűrő,1,DB,13111000,261190
AHA7700524,Minősített rendszerek,31,401129005010,130000206454,HP ProDesk 400 G6 i5-10400T szgép 2 GHz,1,DB,13111000,8CC2200YP0
AHA7700524,Minősített rendszerek,31,401129005010,130000208295,HP ProDesk 400 G6 i5-10400T szgép 2 GHz,1,DB,13111000,8CC12505NV
AHA7700524,Minősített rendszerek,31,401149040106,130000212818,"DELL Latitude Laptop 5520 2,4GHz",1,DB,13111000,DNCVLL3
AHA7700524,Minősített rendszerek,31,401230011300,130000224375,HPE DL360 Gen10+ 8SFF CTO szerver,1,DB,13111000,CZJ3350XVB
AHA7700524,Minősített rendszerek,31,401230011300,130000224376,HPE DL360 Gen10+ 8SFF CTO szerver,1,DB,13111000,CZJ3350XV9
AHA7700524,Minősített rendszerek,31,401166000803,130000229721,HP Elite Mini 600 G9 i5-12500T szgép,1,DB,13111000,8CC32505N6
AHA7700524,Minősített rendszerek,31,401166000803,130000229722,HP Elite Mini 600 G9 i5-12500T szgép,1,DB,13111000,8CC32505M9
AHA7700524,Minősített rendszerek,31,401166000803,130000229723,HP Elite Mini 600 G9 i5-12500T szgép,1,DB,13111000,8CC32505M7
AHA7700524,Minősített rendszerek,31,401129005010,130000245747,HP ProDesk 400 G6 i5-10400T szgép 2 GHz,1,DB,13111000,8CC12505NR
AHA7700524,Minősített rendszerek,31,401129005010,130000245748,HP ProDesk 400 G6 i5-10400T szgép 2 GHz,1,DB,13111000,8CC12505P0
AHA7700524,Minősített rendszerek,31,401166000803,130000245749,HP Elite Mini 600 G9 i5-12500T szgép,1,DB,13111000,8CC32505MY
AHA7700524,Minősített rendszerek,31,401166000803,130000245750,HP Elite Mini 600 G9 i5-12500T szgép,1,DB,13111000,8CC32505M5
AHA7700524,Minősített rendszerek,31,401166000803,130000245751,HP Elite Mini 600 G9 i5-12500T szgép,1,DB,13111000,8CC32505MZ
AHA7700524,Minősített rendszerek,31,401166000803,130000245752,HP Elite Mini 600 G9 i5-12500T szgép,1,DB,13111000,8CC32505N8
AHA7700524,Minősített rendszerek,31,401166000803,130000245753,HP Elite Mini 600 G9 i5-12500T szgép,1,DB,13111000,8CC32505MD
AHA7700524,Minősített rendszerek,31,401166000803,130000245754,HP Elite Mini 600 G9 i5-12500T szgép,1,DB,13111000,8CC32505N2
AHA7700524,Minősített rendszerek,31,401166000803,130000245755,HP Elite Mini 600 G9 i5-12500T szgép,1,DB,13111000,8CC32505N4
AHA7700524,Minősített rendszerek,31,401166000803,130000245756,HP Elite Mini 600 G9 i5-12500T szgép,1,DB,13111000,8CC32505MQ
AHA7700524,Minősített rendszerek,31,401166000803,130000245757,HP Elite Mini 600 G9 i5-12500T szgép,1,DB,13111000,8CC32505MH
AHA7700524,Minősített rendszerek,31,401166000803,130000245758,HP Elite Mini 600 G9 i5-12500T szgép,1,DB,13111000,8CC32505N3
AHA7700524,Minősített rendszerek,31,401166000803,130000245759,HP Elite Mini 600 G9 i5-12500T szgép,1,DB,13111000,8CC32505MR
AHA7700524,Minősített rendszerek,31,401166000803,130000245760,HP Elite Mini 600 G9 i5-12500T szgép,1,DB,13111000,8CC32505N5
AHA7700524,Minősített rendszerek,31,403011103300,130000249994,HP LaserJet E42540F MFP A4 nyomtató,1,DB,13111000,CNBRS5160B
AHA7700524,Minősített rendszerek,31,401166001108,130000254308,HP Elite Mini 600 G9 i5-13500T szgép,1,DB,13111000,8CC4283867
AHA7700524,Minősített rendszerek,31,401230012100,130000257874,HPE DL360 Gen10+ 8SFF NC CTO szerver,1,DB,13111000,CZUD2100HP
AHA7700524,Minősített rendszerek,31,403482004810,130000257876,HPE MSA 2060 16GB FC SFF storage,1,DB,13111000,ACV437W1TR
AHA7700524,Minősített rendszerek,11,654413264000,130000258947,HNV-660 kézi GPS vevő,1,DB,13113100,4TFGLC
AHA7700524,Minősített rendszerek,15,772756002310,130000260458,Rögzített tűzirányító központ,1,DB,13113120,N0013A29752
AHA7700524,Minősített rendszerek,31,401166001108,130000262106,HP Elite Mini 600 G9 i5-13500T szgép,1,DB,13111000,8CC4283869
AHA7700524,Minősített rendszerek,31,401166001108,130000262107,HP Elite Mini 600 G9 i5-13500T szgép,1,DB,13111000,8CC428386P
AHA7700524,Minősített rendszerek,31,401166001108,130000262108,HP Elite Mini 600 G9 i5-13500T szgép,1,DB,13111000,8CC4283873
AHA7700524,Minősített rendszerek,31,401166001108,130000262109,HP Elite Mini 600 G9 i5-13500T szgép,1,DB,13111000,8CC4283874
AHA7700524,Minősített rendszerek,31,401166001108,130000262110,HP Elite Mini 600 G9 i5-13500T szgép,1,DB,13111000,8CC428386B
AHA7700524,Minősített rendszerek,31,401166001108,130000262111,HP Elite Mini 600 G9 i5-13500T szgép,1,DB,13111000,8CC428386T
AHA7700524,Minősített rendszerek,31,401166001108,130000262112,HP Elite Mini 600 G9 i5-13500T szgép,1,DB,13111000,8CC428386J
AHA7700524,Minősített rendszerek,31,401166001108,130000262113,HP Elite Mini 600 G9 i5-13500T szgép,1,DB,13111000,8CC4283866
AHA7700524,Minősített rendszerek,31,401166001108,130000262114,HP Elite Mini 600 G9 i5-13500T szgép,1,DB,13111000,8CC4283868
AHA7700524,Minősített rendszerek,31,401166001108,130000262115,HP Elite Mini 600 G9 i5-13500T szgép,1,DB,13111000,8CC4283865
AHA7700524,Minősített rendszerek,31,401166001108,130000262116,HP Elite Mini 600 G9 i5-13500T szgép,1,DB,13111000,8CC428386L
AHA7700524,Minősített rendszerek,31,401166001108,130000262117,HP Elite Mini 600 G9 i5-13500T szgép,1,DB,13111000,8CC428386X
AHA7700524,Minősített rendszerek,31,401166001108,130000262118,HP Elite Mini 600 G9 i5-13500T szgép,1,DB,13111000,8CC428386H
AHA7700524,Minősített rendszerek,31,401166001108,130000262119,HP Elite Mini 600 G9 i5-13500T szgép,1,DB,13111000,8CC428386G
AHA7700524,Minősített rendszerek,31,401166001108,130000262120,HP Elite Mini 600 G9 i5-13500T szgép,1,DB,13111000,8CC428386K
AHA7700524,Minősített rendszerek,31,401166001108,130000262121,HP Elite Mini 600 G9 i5-13500T szgép,1,DB,13111000,8CC4283872
AHA7700524,Minősített rendszerek,31,401166001108,130000262122,HP Elite Mini 600 G9 i5-13500T szgép,1,DB,13111000,8CC428386R
AHA7700524,Minősített rendszerek,31,401166001108,130000262123,HP Elite Mini 600 G9 i5-13500T szgép,1,DB,13111000,8CC4283864
AHA7700524,Minősített rendszerek,31,401166001108,130000262124,HP Elite Mini 600 G9 i5-13500T szgép,1,DB,13111000,8CC4283870
AHA7700524,Minősített rendszerek,31,401166001108,130000262125,HP Elite Mini 600 G9 i5-13500T szgép,1,DB,13111000,8CC4283871
AHA7700524,Minősített rendszerek,31,401166001108,130000262126,HP Elite Mini 600 G9 i5-13500T szgép,1,DB,13111000,8CC428386W
AHA7700524,Minősített rendszerek,31,401166001108,130000262127,HP Elite Mini 600 G9 i5-13500T szgép,1,DB,13111000,8CC428386N
AHA7700524,Minősített rendszerek,31,401166001108,130000262128,HP Elite Mini 600 G9 i5-13500T szgép,1,DB,13111000,8CC428386Y
AHA7700524,Minősített rendszerek,31,401166001108,130000262129,HP Elite Mini 600 G9 i5-13500T szgép,1,DB,13111000,8CC428386F
AHA7700524,Minősített rendszerek,31,403040202208,193000002518,"Monitor Wide 16:9 LCD 22""-os",1,DB,19311100,823DAKB5YNDCN2
AHA7700524,Minősített rendszerek,31,403040253301,193000015890,"MONITOR LED LG 22M37A-B 21,5",1,DB,19311100,703NTXRAL826
AHA7700524,Minősített rendszerek,32,657637902100,193000016139,Tv monitor leV-MONIT LED SAMSUNG T24D390,1,DB,19311800,.0397H4MFB-17743
AHA7700524,Minősített rendszerek,31,401129000108,193000016366,"HP dc8100 DualCore 2,8GHz szg",1,DB,19311100,CZC1212NTN
AHA7700524,Minősített rendszerek,31,403013601208,193000058493,Brother MFC-J3930DW MFP-A/3,1,DB,19311100,E76312G7F131886
AHA7700524,Minősített rendszerek,31,403040252600,193000077407,"Monitor Wide 16:9 LED 24""",1,DB,19311100,ZZV2H4ZM100161
AHA7700524,Minősített rendszerek,31,403040252600,193000077523,"Monitor Wide 16:9 LED 24""",1,DB,19311100,ZZV2H4ZM300587
AHA7700524,Minősített rendszerek,31,403040252600,193000077524,"Monitor Wide 16:9 LED 24""",1,DB,19311100,ZZV2H4ZM300258
AHA7700524,Minősített rendszerek,31,403011095504,193000077528,HP LJ Pro M426fdn MF nyomtató,1,DB,19311100,PHBLM2C67M
AHA7700524,Minősített rendszerek,31,401112300104,193000077531,"Intel C-i3 3,4GHz számítógép",1,DB,19311100,54RE_SZG026
AHA7700524,Minősített rendszerek,31,401112300104,193000077532,"Intel C-i3 3,4GHz számítógép",1,DB,19311100,54RE_SZG027
AHA7700524,Minősített rendszerek,31,403040252600,193000077564,"Monitor Wide 16:9 LED 24""",1,DB,19311100,ZZV2H4ZM300424
AHA7700524,Minősített rendszerek,31,403040252600,193000077567,"Monitor Wide 16:9 LED 24""",1,DB,19311100,ZZV2H4ZM300083
AHA7700524,Minősített rendszerek,31,401112300104,193000077571,"Intel C-i3 3,4GHz számítógép",1,DB,19311100,54RE_SZG029
AHA7700524,Minősített rendszerek,31,403052001510,193000084960,DMC-300SC MÉDIA KONVERTER,1,DB,19311100,QBIZ2J7000346
AHA7700524,Minősített rendszerek,31,403052001510,193000085181,DMC-300SC MÉDIA KONVERTER,1,DB,19311100,QBIZ2J7000309
AHA7700524,Minősített rendszerek,31,401112300104,193000109992,"Intel C-i3 3,4GHz számítógép",1,DB,19311100,1944018
AHA7700524,Minősített rendszerek,31,403040252600,193000111074,"Monitor Wide 16:9 LED 24""",1,DB,19311100,ZZV2H4ZM100225
AHA7700524,Minősített rendszerek,31,403059156303,193000116928,TP-LINK TL-SG108 8P switch,1,DB,19311100,22252N4003494
AHA7700524,Minősített rendszerek,31,403052001510,193000123959,DMC-300SC MÉDIA KONVERTER,1,DB,19311100,QBIZ2J7000348
AHA7700524,Minősített rendszerek,31,403040252600,193000129119,"Monitor Wide 16:9 LED 24""",1,DB,19311100,ZZV2H4ZM100048
AHA7700524,Minősített rendszerek,31,401129002808,193000129120,"EXPERT I3-9100 3,6GHz szgép",1,DB,19311100,2032012
AHA7700524,Minősített rendszerek,31,403049014406,193000182241,"HP ProDisplay 24"" LED monitor",1,DB,19311100,3CM15013F2
AHA7700524,Minősített rendszerek,31,403049014406,193000182243,"HP ProDisplay 24"" LED monitor",1,DB,19311100,3CM150158N
AHA7700524,Minősített rendszerek,31,403049014406,193000182244,"HP ProDisplay 24"" LED monitor",1,DB,19311100,3CM15013FF
AHA7700524,Minősített rendszerek,31,403049014406,193000186716,"HP ProDisplay 24"" LED monitor",1,DB,19311100,3CM2032H38
AHA7700524,Minősített rendszerek,31,403049014406,193000189547,"HP ProDisplay 24"" LED monitor",1,DB,19311100,3CM2032H2P
AHA7700524,Minősített rendszerek,31,669210192606,193000202120,"Rack szekr. falra 19"" 9U",1,DB,19311800,RACK_9U_009
AHA7700524,Minősített rendszerek,31,403002100901,193000202121,TP-Link TL-SG1024 Switch 24p,1,DB,19311100,2224429001328
AHA7700524,Minősített rendszerek,31,403040252600,193000204576,"Monitor Wide 16:9 LED 24""",1,DB,19311100,ZZV2H4ZN300525
AHA7700524,Minősített rendszerek,31,403002100901,193000207107,TP-Link TL-SG1024 Switch 24p,1,DB,19311100,2224429001291
AHA7700524,Minősített rendszerek,31,403475027503,193000211437,"K-HDD 1TB 5,4K USB 3.2 2,5""",1,DB,19311100,1M4821348490
AHA7700524,Minősített rendszerek,31,403052001510,193000214719,DMC-300SC MÉDIA KONVERTER,1,DB,19311100,TM24111000630
AHA7700524,Minősített rendszerek,31,403052001510,193000214720,DMC-300SC MÉDIA KONVERTER,1,DB,19311100,TM24111000629
AHA7700524,Minősített rendszerek,31,403059144904,193000217803,TP-Link TL-SG1016DE 16P switch,1,DB,19311100,2223517001199
AHA7700524,Minősített rendszerek,31,403059144904,193000217804,TP-Link TL-SG1016DE 16P switch,1,DB,19311100,22250H8001640
AHA7700524,Minősített rendszerek,31,403052001510,193000229559,DMC-300SC MÉDIA KONVERTER,1,DB,19311100,TM24111000627
AHA7700524,Minősített rendszerek,31,403052001510,193000229560,DMC-300SC MÉDIA KONVERTER,1,DB,19311100,TM24111000621
AHA7700524,Minősített rendszerek,31,403052001510,193000229561,DMC-300SC MÉDIA KONVERTER,1,DB,19311100,TM24111000623
AHA7700524,Minősített rendszerek,31,403052001510,193000229562,DMC-300SC MÉDIA KONVERTER,1,DB,19311100,TM24111000622
AHA7700524,Minősített rendszerek,31,403002100901,193000231699,TP-Link TL-SG1024 Switch 24p,1,DB,19311100,2224429001472
AHA7700524,Minősített rendszerek,31,403052001510,193000237048,DMC-300SC MÉDIA KONVERTER,1,DB,19311100,TM24111000910
AHA7700524,Minősített rendszerek,31,403052001510,193000237049,DMC-300SC MÉDIA KONVERTER,1,DB,19311100,TM24111000909
AHA7700524,Minősített rendszerek,31,403052001510,193000237050,DMC-300SC MÉDIA KONVERTER,1,DB,19311100,TM24111000908
AHA7700524,Minősített rendszerek,31,403052001510,193000237051,DMC-300SC MÉDIA KONVERTER,1,DB,19311100,TM24111000906
AHA7700524,Minősített rendszerek,31,403052001510,193000237052,DMC-300SC MÉDIA KONVERTER,1,DB,19311100,TM24111000625
AHA7700524,Minősített rendszerek,31,403052001510,193000237053,DMC-300SC MÉDIA KONVERTER,1,DB,19311100,TM24111000624
AHA7700524,Minősített rendszerek,31,403311001705,193000243980,"K-SSD 1TB USB 3.2  2,5""",1,DB,19311100,S6XDNS0W360804
AHA7700524,Minősített rendszerek,31,403059171109,193000243981,HDMI átkapcsoló 4P 4K ATEN VS481C,1,DB,19311100,Z3M4-045-0255
AHA7700524,Minősített rendszerek,31,403040252600,193000243994,"Monitor Wide 16:9 LED 24""",1,DB,19311100,5MWCH9DW503070
AHA7700524,Minősített rendszerek,31,403040252600,193000243995,"Monitor Wide 16:9 LED 24""",1,DB,19311100,5MWCH9DW502964
AHA7700524,Minősített rendszerek,31,403040252600,193000243996,"Monitor Wide 16:9 LED 24""",1,DB,19311100,5MWCH9DW502969
AHA7700524,Minősített rendszerek,31,403040252600,193000243997,"Monitor Wide 16:9 LED 24""",1,DB,19311100,5MWCH9DW502897
AHA7700524,Minősített rendszerek,31,403040252600,193000243998,"Monitor Wide 16:9 LED 24""",1,DB,19311100,5MWCH9DW502888
AHA7700524,Minősített rendszerek,31,403040252600,193000243999,"Monitor Wide 16:9 LED 24""",1,DB,19311100,5MWCH9DW503066
AHA7700524,Minősített rendszerek,31,403040252600,193000244000,"Monitor Wide 16:9 LED 24""",1,DB,19311100,5MWCH9DW502277
AHA7700524,Minősített rendszerek,31,403040252600,193000244001,"Monitor Wide 16:9 LED 24""",1,DB,19311100,5MWCH9DW501488
AHA7700524,Minősített rendszerek,31,403040252600,193000244002,"Monitor Wide 16:9 LED 24""",1,DB,19311100,5MWCH9DW502890
AHA7700524,Minősített rendszerek,31,403040252600,193000244003,"Monitor Wide 16:9 LED 24""",1,DB,19311100,5MWCH9DW502937
AHA7700524,Minősített rendszerek,31,403040252600,193000244004,"Monitor Wide 16:9 LED 24""",1,DB,19311100,5MWCH9DW502279
AHA7700524,Minősített rendszerek,31,403040252600,193000244005,"Monitor Wide 16:9 LED 24""",1,DB,19311100,5MWCH9DW502896
AHA7700524,Minősített rendszerek,31,403040252600,193000244006,"Monitor Wide 16:9 LED 24""",1,DB,19311100,5MWCH9DW501486
AHA7700524,Minősített rendszerek,31,403040252600,193000244007,"Monitor Wide 16:9 LED 24""",1,DB,19311100,5MWCH9DW501508
AHA7700524,Minősített rendszerek,31,403040252600,193000244008,"Monitor Wide 16:9 LED 24""",1,DB,19311100,5MWCH9DW502274
AHA7700524,Minősített rendszerek,31,403040252600,193000244009,"Monitor Wide 16:9 LED 24""",1,DB,19311100,5MWCH9DW502332
AHA7700524,Minősített rendszerek,31,403040252600,193000244010,"Monitor Wide 16:9 LED 24""",1,DB,19311100,5MWCH9DW503079
AHA7700524,Minősített rendszerek,31,403040252600,193000244011,"Monitor Wide 16:9 LED 24""",1,DB,19311100,5MWCH9DW502895
AHA7700524,Minősített rendszerek,31,403052001510,193000244654,DMC-300SC MÉDIA KONVERTER,1,DB,19311100,TM24111000901
AHA7700524,Minősített rendszerek,31,403052001510,193000244655,DMC-300SC MÉDIA KONVERTER,1,DB,19311100,TM24111000902
AHA7700524,Minősített rendszerek,31,403052001510,193000244656,DMC-300SC MÉDIA KONVERTER,1,DB,19311100,TM24111000905
AHA7700524,Minősített rendszerek,31,403052001510,193000244657,DMC-300SC MÉDIA KONVERTER,1,DB,19311100,TM24111000904
AHA7700524,Minősített rendszerek,31,403052001510,193000244658,DMC-300SC MÉDIA KONVERTER,1,DB,19311100,TM24111000903
AHA7700524,Minősített rendszerek,31,403040252600,193000246699,"Monitor Wide 16:9 LED 24""",1,DB,19311100,5MWCH9DW502269
AHA7700524,Minősített rendszerek,31,403059171109,193000251006,HDMI átkapcsoló 4P 4K ATEN VS481C,1,DB,19311100,Z3M4-045-0253
AHA7700524,Minősített rendszerek,31,403052001510,193000258452,DMC-300SC MÉDIA KONVERTER,1,DB,19311100,TM24111000765
AHA7700524,Minősített rendszerek,31,403052001510,193000258453,DMC-300SC MÉDIA KONVERTER,1,DB,19311100,TM24111000766
AHA7700524,Minősített rendszerek,31,403052001510,193000258454,DMC-300SC MÉDIA KONVERTER,1,DB,19311100,TM24111000767
AHA7700524,Minősített rendszerek,31,403311001705,193000260644,"K-SSD 1TB USB 3.2  2,5""",1,DB,19311100,S6XDNS0W357209
AHA7700524,Minősített rendszerek,31,669210192606,193000281537,"Rack szekr. falra 19"" 9U",1,DB,19311800,RACK_9U_011
AHA7700524,Minősített rendszerek,31,669210192606,193000281538,"Rack szekr. falra 19"" 9U",1,DB,19311800,RACK_9U_012
AHA7700524,Minősített rendszerek,31,403040252710,193000281559,"Monitor Wide 16:9 LED 27""",1,DB,19311100,N452120074212
AHA7700524,Minősített rendszerek,31,403040252710,193000281560,"Monitor Wide 16:9 LED 27""",1,DB,19311100,N4521200B4212
AHA7700524,Minősített rendszerek,31,403040252710,193000281561,"Monitor Wide 16:9 LED 27""",1,DB,19311100,N4521200C4212
AHA7700524,Minősített rendszerek,31,403040252710,193000281562,"Monitor Wide 16:9 LED 27""",1,DB,19311100,N452120144212
AHA7700524,Minősített rendszerek,31,403040252710,193000281563,"Monitor Wide 16:9 LED 27""",1,DB,19311100,N4521201A4212
AHA7700524,Minősített rendszerek,31,403040252710,193000281564,"Monitor Wide 16:9 LED 27""",1,DB,19311100,N4521202E4212
AHA7700524,Minősített rendszerek,31,403040252710,193000281565,"Monitor Wide 16:9 LED 27""",1,DB,19311100,N4521205D4212
AHA7700524,Minősített rendszerek,31,403040252710,193000281566,"Monitor Wide 16:9 LED 27""",1,DB,19311100,N452120854212
AHA7700524,Minősített rendszerek,31,403040252710,193000281567,"Monitor Wide 16:9 LED 27""",1,DB,19311100,N4521208C4212
AHA7700524,Minősített rendszerek,31,403040252710,193000281568,"Monitor Wide 16:9 LED 27""",1,DB,19311100,N4521208D4212
AHA7700524,Minősített rendszerek,31,403040252710,193000281569,"Monitor Wide 16:9 LED 27""",1,DB,19311100,N452120944212
AHA7700524,Minősített rendszerek,31,403040252710,193000281570,"Monitor Wide 16:9 LED 27""",1,DB,19311100,N452120CF4212
AHA7700524,Minősített rendszerek,31,403040252710,193000281571,"Monitor Wide 16:9 LED 27""",1,DB,19311100,N452120DC4212
AHA7700524,Minősített rendszerek,31,403040252710,193000281572,"Monitor Wide 16:9 LED 27""",1,DB,19311100,N452120EF4212
AHA7700524,Minősített rendszerek,31,403040252710,193000281573,"Monitor Wide 16:9 LED 27""",1,DB,19311100,N452120F04212
AHA7700524,Minősített rendszerek,31,403040252710,193000281574,"Monitor Wide 16:9 LED 27""",1,DB,19311100,N452120F44212
AHA7700524,Minősített rendszerek,31,403040252710,193000281575,"Monitor Wide 16:9 LED 27""",1,DB,19311100,N452120F64212
AHA7700524,Minősített rendszerek,31,403040252710,193000281576,"Monitor Wide 16:9 LED 27""",1,DB,19311100,N452120F94212
AHA7700524,Minősített rendszerek,31,403040252710,193000281577,"Monitor Wide 16:9 LED 27""",1,DB,19311100,N452120FF4212
AHA7700524,Minősített rendszerek,31,403040252710,193000281578,"Monitor Wide 16:9 LED 27""",1,DB,19311100,N452121014212
AHA7700524,Minősített rendszerek,31,403040252710,193000281579,"Monitor Wide 16:9 LED 27""",1,DB,19311100,N452121024212
AHA7700524,Minősített rendszerek,31,403040252710,193000281580,"Monitor Wide 16:9 LED 27""",1,DB,19311100,N452121084212
AHA7700524,Minősített rendszerek,31,403040252710,193000281581,"Monitor Wide 16:9 LED 27""",1,DB,19311100,N452121584212
AHA7700524,Minősített rendszerek,31,403040252710,193000281582,"Monitor Wide 16:9 LED 27""",1,DB,19311100,N452121A14212
AHA7700524,Minősített rendszerek,31,403040252710,193000281583,"Monitor Wide 16:9 LED 27""",1,DB,19311100,N452121AF4212
AHA7700524,Minősített rendszerek,31,403040252710,193000281584,"Monitor Wide 16:9 LED 27""",1,DB,19311100,N452121B44212
AHA7700524,Minősített rendszerek,31,403040252710,193000281585,"Monitor Wide 16:9 LED 27""",1,DB,19311100,N452121F44212
AHA7700524,Minősített rendszerek,31,403040252710,193000281586,"Monitor Wide 16:9 LED 27""",1,DB,19311100,N452121F94212
AHA7700524,Minősített rendszerek,31,403040252710,193000281587,"Monitor Wide 16:9 LED 27""",1,DB,19311100,N452121FD4212
AHA7700524,Minősített rendszerek,31,403040252710,193000281588,"Monitor Wide 16:9 LED 27""",1,DB,19311100,N452122014212
AHA7700524,Minősített rendszerek,31,403040252710,193000281589,"Monitor Wide 16:9 LED 27""",1,DB,19311100,N452122034212
AHA7700524,Minősített rendszerek,31,403040252710,193000281590,"Monitor Wide 16:9 LED 27""",1,DB,19311100,N452122054212
AHA7700524,Minősített rendszerek,31,403040252710,193000281591,"Monitor Wide 16:9 LED 27""",1,DB,19311100,N452122064212
AHA7700524,Minősített rendszerek,31,403040252710,193000281592,"Monitor Wide 16:9 LED 27""",1,DB,19311100,N452122074212
AHA7700524,Minősített rendszerek,31,403040252710,193000281593,"Monitor Wide 16:9 LED 27""",1,DB,19311100,N452122094212
AHA7700524,Minősített rendszerek,31,403040252710,193000281594,"Monitor Wide 16:9 LED 27""",1,DB,19311100,N4521220C4212
AHA7700524,Minősített rendszerek,31,403040252710,193000281595,"Monitor Wide 16:9 LED 27""",1,DB,19311100,N4521220D4212
AHA7700524,Minősített rendszerek,31,403040252710,193000281596,"Monitor Wide 16:9 LED 27""",1,DB,19311100,N4521220E4212
AHA7700524,Minősített rendszerek,31,403040252710,193000281597,"Monitor Wide 16:9 LED 27""",1,DB,19311100,N452122104212
AHA7700524,Minősített rendszerek,31,403040252710,193000281598,"Monitor Wide 16:9 LED 27""",1,DB,19311100,N452122114212
AHA7700524,Minősített rendszerek,31,403040252710,193000281599,"Monitor Wide 16:9 LED 27""",1,DB,19311100,N452122134212
AHA7700524,Minősített rendszerek,31,403040252710,193000281600,"Monitor Wide 16:9 LED 27""",1,DB,19311100,N4521221D4212
AHA7700524,Minősített rendszerek,31,403040252710,193000281636,"Monitor Wide 16:9 LED 27""",1,DB,19311100,N452122204212
AHA7700524,Minősített rendszerek,31,403040252710,193000281637,"Monitor Wide 16:9 LED 27""",1,DB,19311100,N452122284212
AHA7700524,Minősített rendszerek,31,403040252710,193000281638,"Monitor Wide 16:9 LED 27""",1,DB,19311100,N4521223A4212
AHA7700524,Minősített rendszerek,31,403040252710,193000281639,"Monitor Wide 16:9 LED 27""",1,DB,19311100,N452122484212
AHA7700524,Minősített rendszerek,31,403040252710,193000281640,"Monitor Wide 16:9 LED 27""",1,DB,19311100,N4521224D4212
AHA7700524,Minősített rendszerek,31,403040252710,193000281641,"Monitor Wide 16:9 LED 27""",1,DB,19311100,N452122634212
AHA7700524,Minősített rendszerek,31,403040252710,193000281642,"Monitor Wide 16:9 LED 27""",1,DB,19311100,N452122694212
AHA7700524,Minősített rendszerek,31,403040252710,193000281643,"Monitor Wide 16:9 LED 27""",1,DB,19311100,N4521226A4212
AHA7700524,Minősített rendszerek,31,403040252710,193000281644,"Monitor Wide 16:9 LED 27""",1,DB,19311100,N4521226D4212
AHA7700524,Minősített rendszerek,31,403040252710,193000281645,"Monitor Wide 16:9 LED 27""",1,DB,19311100,N452122764212
AHA7700524,Minősített rendszerek,31,403040252710,193000281646,"Monitor Wide 16:9 LED 27""",1,DB,19311100,N452122894212
AHA7700524,Minősített rendszerek,31,403040252710,193000281647,"Monitor Wide 16:9 LED 27""",1,DB,19311100,N452123164212
AHA7700524,Minősített rendszerek,31,403040252710,193000281648,"Monitor Wide 16:9 LED 27""",1,DB,19311100,N4521232C4212
AHA7700524,Minősített rendszerek,31,403040252710,193000281649,"Monitor Wide 16:9 LED 27""",1,DB,19311100,N452123424212
AHA7700524,Minősített rendszerek,31,403040252710,193000281650,"Monitor Wide 16:9 LED 27""",1,DB,19311100,N452123C04214
AHA7700524,Minősített rendszerek,31,403040252710,193000281651,"Monitor Wide 16:9 LED 27""",1,DB,19311100,N452123C94214
AHA7700524,Minősített rendszerek,31,403040252710,193000281652,"Monitor Wide 16:9 LED 27""",1,DB,19311100,N452123CB4214
AHA7700524,Minősített rendszerek,31,403040252710,193000281653,"Monitor Wide 16:9 LED 27""",1,DB,19311100,N452123CD4214
AHA7700524,Minősített rendszerek,31,403040252710,193000281654,"Monitor Wide 16:9 LED 27""",1,DB,19311100,N452123D34214
AHA7700524,Minősített rendszerek,31,403040252710,193000281655,"Monitor Wide 16:9 LED 27""",1,DB,19311100,N452123D74214
AHA7700524,Minősített rendszerek,31,403040252710,193000281656,"Monitor Wide 16:9 LED 27""",1,DB,19311100,N452123D84214
AHA7700524,Minősített rendszerek,31,403040252710,193000281657,"Monitor Wide 16:9 LED 27""",1,DB,19311100,N452123D94214
AHA7700524,Minősített rendszerek,31,403040252710,193000281658,"Monitor Wide 16:9 LED 27""",1,DB,19311100,N452123DA4214
AHA7700524,Minősített rendszerek,31,403040252710,193000281659,"Monitor Wide 16:9 LED 27""",1,DB,19311100,N452123DB4214
AHA7700524,Minősített rendszerek,31,403040252710,193000281660,"Monitor Wide 16:9 LED 27""",1,DB,19311100,N452123DD4214
AHA7700524,Minősített rendszerek,31,403040252710,193000281661,"Monitor Wide 16:9 LED 27""",1,DB,19311100,N452123DE4214
AHA7700524,Minősített rendszerek,31,403040252710,193000281662,"Monitor Wide 16:9 LED 27""",1,DB,19311100,N452123E04214
AHA7700524,Minősített rendszerek,31,403040252710,193000281663,"Monitor Wide 16:9 LED 27""",1,DB,19311100,N452123E14214
AHA7700524,Minősített rendszerek,31,403040252710,193000281664,"Monitor Wide 16:9 LED 27""",1,DB,19311100,N452123E24214
AHA7700524,Minősített rendszerek,31,403040252710,193000281665,"Monitor Wide 16:9 LED 27""",1,DB,19311100,N452123E34214
AHA7700524,Minősített rendszerek,31,403040252710,193000281666,"Monitor Wide 16:9 LED 27""",1,DB,19311100,N452123E44214
AHA7700524,Minősített rendszerek,31,403040252710,193000281667,"Monitor Wide 16:9 LED 27""",1,DB,19311100,N452123E54214
AHA7700524,Minősített rendszerek,31,403052001510,193000281668,DMC-300SC MÉDIA KONVERTER,1,DB,19311100,TM24111000863
AHA7700524,Minősített rendszerek,31,403052001510,193000281669,DMC-300SC MÉDIA KONVERTER,1,DB,19311100,TM24111000862
AHA7700524,Minősített rendszerek,31,403052001510,193000281670,DMC-300SC MÉDIA KONVERTER,1,DB,19311100,TM24111000861
AHA7700524,Minősített rendszerek,31,403052001510,193000281671,DMC-300SC MÉDIA KONVERTER,1,DB,19311100,TM24111000770
AHA7700524,Minősített rendszerek,31,403002100901,193000281672,TP-Link TL-SG1024 Switch 24p,1,DB,19311100,2224429001322
AHA7700524,Minősített rendszerek,31,403059137208,193000281673,TP-LINK TL-SG2424 24P switch,1,DB,19311100,2226266001693
AHA7700524,Minősített rendszerek,31,403059137208,193000281674,TP-LINK TL-SG2424 24P switch,1,DB,19311100,2226266001695
AHA7700524,Minősített rendszerek,31,403059137208,193000281675,TP-LINK TL-SG2424 24P switch,1,DB,19311100,2226266001486
AHA7700524,Minősített rendszerek,31,403059137208,193000281676,TP-LINK TL-SG2424 24P switch,1,DB,19311100,2226266001488
AHA7700524,Minősített rendszerek,31,403059137208,193000281677,TP-LINK TL-SG2424 24P switch,1,DB,19311100,2226266001691
AHA7700524,Minősített rendszerek,31,401132009603,193000285983,Acer VX2710G i5-13400 2.5GHz számítógép,1,DB,19311100,L43601BCE9600
AHA7700524,Minősített rendszerek,31,401132009603,193000285984,Acer VX2710G i5-13400 2.5GHz számítógép,1,DB,19311100,L43601B2F9600
AHA7700524,Minősített rendszerek,31,401132009603,193000285985,Acer VX2710G i5-13400 2.5GHz számítógép,1,DB,19311100,L43601B5A9600
AHA7700524,Minősített rendszerek,31,401132009603,193000285986,Acer VX2710G i5-13400 2.5GHz számítógép,1,DB,19311100,L43601BE79600
AHA7700524,Minősített rendszerek,31,401132009603,193000285987,Acer VX2710G i5-13400 2.5GHz számítógép,1,DB,19311100,L43601BCA9600
AHA7700524,Minősített rendszerek,31,401132009603,193000285988,Acer VX2710G i5-13400 2.5GHz számítógép,1,DB,19311100,L43601B4F9600
AHA7700524,Minősített rendszerek,31,401132009603,193000285989,Acer VX2710G i5-13400 2.5GHz számítógép,1,DB,19311100,L43601AE39600
AHA7700524,Minősített rendszerek,31,401132009603,193000285990,Acer VX2710G i5-13400 2.5GHz számítógép,1,DB,19311100,L43601BC89600
AHA7700524,Minősített rendszerek,31,669210191201,193000285991,"Rack szekr. falra 19"" 12U",1,DB,19311800,RACK_12U_003
AHA7700524,Minősített rendszerek,31,669210191201,193000285992,"Rack szekr. falra 19"" 12U",1,DB,19311800,RACK_12U_004
AHA7700524,Minősített rendszerek,31,401180110506,912000004651,EI LENOVO S510 SZGÉP,1,DB,P1200000,EI16HM90B0207
AHA7700524,Minősített rendszerek,31,401180110506,912000004652,EI LENOVO S510 SZGÉP,1,DB,P1200000,EI16HM90B0208
AHA7700524,Minősített rendszerek,31,401180110506,912000004677,EI LENOVO S510 SZGÉP,1,DB,P1200000,EI16HM90B0394
AHA7700524,Minősített rendszerek,31,401180110506,912000004678,EI LENOVO S510 SZGÉP,1,DB,P1200000,EI16HM90B0396
AHA7700524,Minősített rendszerek,31,401180110506,912000004680,EI LENOVO S510 SZGÉP,1,DB,P1200000,EI16HM90B0398
AHA7700524,Minősített rendszerek,31,401180110506,912000004706,EI LENOVO S510 SZGÉP,1,DB,P1200000,EI16HM90B0718
AHA7700524,Minősített rendszerek,31,401180110506,912000004714,EI LENOVO S510 SZGÉP,1,DB,P1200000,EI16HM90B0728
AHA7700524,Minősített rendszerek,31,401180110506,912000004716,EI LENOVO S510 SZGÉP,1,DB,P1200000,EI16HM90B0730
AHA7700524,Minősített rendszerek,31,403040253202,912000004809,MONITOR SAMS.LS22F350FHUXEN,1,DB,P1200000,EI16HM90MA3455
AHA7700524,Minősített rendszerek,31,403040253202,912000004819,MONITOR SAMS.LS22F350FHUXEN,1,DB,P1200000,EI16HM90MA3489
AHA7700524,Minősített rendszerek,31,403040253202,912000004822,MONITOR SAMS.LS22F350FHUXEN,1,DB,P1200000,EI16HM90MA3497
AHA7700524,Minősített rendszerek,31,403040253202,912000004855,MONITOR SAMS.LS22F350FHUXEN,1,DB,P1200000,EI16HM90MA3672
AHA7700524,Minősített rendszerek,31,403040253202,912000004857,MONITOR SAMS.LS22F350FHUXEN,1,DB,P1200000,EI16HM90MA3678
AHA7700524,Minősített rendszerek,31,403040253202,912000004876,MONITOR SAMS.LS22F350FHUXEN,1,DB,P1200000,EI16HM90MA3782
AHA7700524,Minősített rendszerek,31,403040253202,912000004892,MONITOR SAMS.LS22F350FHUXEN,1,DB,P1200000,EI16HM90MA3841
AHA7700524,Minősített rendszerek,31,403040253202,912000004953,MONITOR SAMS.LS22F350FHUXEN,1,DB,P1200000,EI16HM90MA4153
AHA7700524,Minősített rendszerek,31,401150316504,912000005583,HP 250 G4 i3 NOTEBOOK HDD,1,DB,P1200000,EI16NB77A5183
AHA7700524,Minősített rendszerek,31,401180110506,912000005624,EI LENOVO S510 SZGÉP,1,DB,P1200000,EI16HM90A5739
AHA7700524,Minősített rendszerek,31,401180110506,912000005662,EI LENOVO S510 SZGÉP,1,DB,P1200000,EI16HM90B0530
AHA7700524,Minősített rendszerek,31,401180110506,912000005683,EI LENOVO S510 SZGÉP,1,DB,P1200000,EI16HM90B0888
AHA7700524,Minősített rendszerek,31,401180110506,912000005687,EI LENOVO S510 SZGÉP,1,DB,P1200000,EI16HM90B0892
AHA7700524,Minősített rendszerek,31,403040253202,912000005720,MONITOR SAMS.LS22F350FHUXEN,1,DB,P1200000,EI16HM90MA2134
AHA7700524,Minősített rendszerek,31,403040253202,912000005757,MONITOR SAMS.LS22F350FHUXEN,1,DB,P1200000,EI16HM90MA4049
AHA7700524,Minősített rendszerek,31,403040253202,912000005787,MONITOR SAMS.LS22F350FHUXEN,1,DB,P1200000,EI16HM90MA4296
AHA7700524,Minősített rendszerek,31,401180110506,912000011134,EI LENOVO S510 SZGÉP,1,DB,P1200000,EI16HM90B0656
AHA7700524,Minősített rendszerek,31,403040253202,912000011193,MONITOR SAMS.LS22F350FHUXEN,1,DB,P1200000,EI16HM90MA7190
AHA7700524,Minősített rendszerek,31,401180110506,912000011228,EI LENOVO S510 SZGÉP,1,DB,P1200000,EI16HM90FB1358
AHA7700524,Minősített rendszerek,31,401180110506,912000012231,EI LENOVO S510 SZGÉP,1,DB,P1200000,EI16HM90A7150
AHA7700524,Minősített rendszerek,31,401180110506,912000012314,EI LENOVO S510 SZGÉP,1,DB,P1200000,EI16HM90A8900
AHA7700524,Minősített rendszerek,31,403013602107,912000013441,HP LJ M402dn A4 level-C nyomtató,1,DB,P1200000,EI1635TCT6208
AHA7700524,Minősített rendszerek,31,401132002210,912000013486,TEMPEST LEVEL-C MUNKAÁLLS.,1,DB,P1200000,EI1721TCT4542
AHA7700524,Minősített rendszerek,31,403011094605,912000013489,HP LJ M477FDN-C Level-C nyomt.,1,DB,P1200000,EI1721TCT4686
AHA7700524,Minősített rendszerek,19,999990850704,914000040478,CIMKENYOMTATÓ BROTHER PT2450DX,1,DB,P1400000,.0102
